{"cameraMode":{"drawMode":0,"name":"Shaded","section":"Shading Mode"},"sceneLighting":true,"audioPlay":false,"sceneViewState":{"showFog":true,"showMaterialUpdate":true,"showSkybox":true,"showFlares":true,"showImageEffects":true,"showParticleSystems":true},"in2DMode":false,"pivot":{"x":22.722585678100587,"y":-1.319495439529419,"z":-14.440932273864746},"rotation":{"x":0.18201930820941926,"y":0.30381613969802859,"z":-0.05925276130437851,"w":0.933302640914917},"size":14.03259563446045,"orthographic":false}